{"cameraMode":{"drawMode":0,"name":"Shaded","section":"Shading Mode"},"sceneLighting":false,"audioPlay":false,"sceneViewState":{"m_AlwaysRefresh":false,"showFog":true,"showSkybox":false,"showFlares":true,"showImageEffects":true,"showParticleSystems":true,"showVisualEffectGraphs":true,"m_FxEnabled":true},"in2DMode":false,"pivot":{"x":-0.7898871898651123,"y":-0.5787023305892944,"z":3.3137028217315676},"rotation":{"x":-0.22261881828308106,"y":0.6589359641075134,"z":-0.21384961903095246,"w":-0.6859759092330933},"size":1.7417103052139283,"orthographic":false}